<?xml version="1.0" encoding="UTF-8"?>
<!DOCTYPE hibernate-configuration PUBLIC
"-//Hibernate/Hibernate Configuration DTD 3.0//EN"
"http://www.hibernate.org/dtd/hibernate-configuration-3.0.dtd">
	
<hibernate-configuration>
	<session-factory>
		<property name="connection.driver_class">com.mysql.cj.jdbc.Driver</property>
		<property name="connection.url">jdbc:mysql://localhost:3306/employees</property>
		<property name="connection.username">root</property>
		<property name="connection.password">root</property>
		<property name="hbm2ddl.auto">update</property>
		<!-- Specify the dialect for your database -->
		<property name="dialect">org.hibernate.dialect.MySQL8Dialect</property>
		<!-- Enable or disable showing SQL statements in the console -->
		<property name="show_sql">true</property>
		<property name="format_sql">true</property>
		
		<mapping class="com.hibernateproject.hibernate_project_demo.model.Student"/>
	</session-factory>
</hibernate-configuration>